{"cameraMode":{"drawMode":0,"name":"Shaded","section":"Shading Mode"},"sceneLighting":true,"audioPlay":false,"sceneViewState":{"m_AlwaysRefresh":false,"showFog":true,"showSkybox":true,"showFlares":true,"showImageEffects":true,"showParticleSystems":true,"showVisualEffectGraphs":true,"m_FxEnabled":true},"in2DMode":false,"pivot":{"x":-0.3655538260936737,"y":2.974104881286621,"z":3.595686912536621},"rotation":{"x":0.33283647894859316,"y":-0.0000066258162405574698,"z":-0.0000035900500279240079,"w":0.9429888129234314},"size":8.847807884216309,"orthographic":false}